[
{"code": "DOE", "name": "David Oertle ", "function": "Lead Consultant", "slogan": "ipt\u00a0enables me to develop as fast as I want.", "picture": "https://ipt.ch/wp-content/uploads/2014/10/david.oertle-2-640x480.jpg"},
{"code": "CRA", "name": "Christopher Rausch ", "function": "Lead Consultant", "slogan": "Wir haben nicht nur Werte, wir leben sie auch.", "picture": "https://ipt.ch/wp-content/uploads/2014/10/ChristopherRausch_2785-640x480.jpg"},
{"code": "CTU", "name": "Christian T\u00fcbing ", "function": "Principal Consultant", "slogan": "\u00abFr\u00f6hlich sein, Gutes tun und die Spatzen pfeifen lassen.\u00bb Don Bosco", "picture": "https://ipt.ch/wp-content/uploads/2014/10/ChristianTuebing_1509-640x480.jpg"},
{"code": "KDA", "name": "Krzysztof Dabkowski ", "function": "Senior Consultant", "slogan": "Mit hochqualitativen L\u00f6sungen und gesundem Menschenverstand stehen wir unseren Kunden als Partner zur Seite.", "picture": "https://ipt.ch/wp-content/uploads/2014/10/krzysztof-dabkowski-2-640x480.jpg"},
{"code": "MST", "name": "Marc Steiner ", "function": "Consultant", "slogan": "Mit ipt Mitarbeitenden zu Ihrem Erfolg.", "picture": "https://ipt.ch/wp-content/uploads/2015/11/MarcSteiner_2431-640x480.jpg"},
{"code": "ARI", "name": "Anita Richli ", "function": "CFO", "slogan": "Mit viel Verantwortung und Flexibilit\u00e4t kann ich in einem professionellen Team meine St\u00e4rken optimal einsetzen.", "picture": "https://ipt.ch/wp-content/uploads/2014/10/Anita-Richli_business.jpg"},
{"code": "CGE", "name": "Christian Getzmann ", "function": "Lead Consultant", "slogan": "famous for a highly motivated team delivering the customer's success story.", "picture": "https://ipt.ch/wp-content/uploads/2014/10/christian-getzmann-2-640x480.jpg"},
{"code": "MPA", "name": "Marian Papiernik ", "function": "Verwaltungsrat", "slogan": "XMV ist ein zentrales Element einer ausgewogenen Firmenkultur.", "picture": "https://ipt.ch/wp-content/uploads/2014/10/marian-papiernik-2-640x480.jpg"},
{"code": "FKL", "name": "Fr\u00e9d\u00e9ric Klein ", "function": "Lead Engineer", "slogan": "Pushing the limits!", "picture": "https://ipt.ch/wp-content/uploads/2014/10/frederic-klein-2-640x480.jpg"},
{"code": "FSE", "name": "Dr. Floarea Serban ", "function": "Senior Consultant", "slogan": "We help you make real-time decisions.", "picture": "https://ipt.ch/wp-content/uploads/2014/10/floarea-serban-2-640x480.jpg"},
{"code": "BGO", "name": "Beatrice G\u00f6tz ", "function": "Consultant", "slogan": "Von einander lernen um gemeinsam zum Ziel zu kommen ist das, was f\u00fcr mich die ipt ausmacht.", "picture": "https://ipt.ch/wp-content/uploads/2017/05/BeatriceGoetz_23471.jpg"},
{"code": "MHE", "name": "Dr. Matthias Hert ", "function": "IT-Architect", "slogan": "Zusammen mit dem Kunden, im Team L\u00f6sungen erarbeiten, das ist Partnerschaft, das ist ipt!", "picture": "https://ipt.ch/wp-content/uploads/2014/10/MatthiasHert_2203-640x480.jpg"},
{"code": "CLU", "name": "Christian Ludt ", "function": "IT-Architect", "slogan": "Wir integrieren effizient, nachhaltig und verl\u00e4sslich. Mit dem Kunden f\u00fcr den Kunden.", "picture": "https://ipt.ch/wp-content/uploads/2014/10/ChristianLudt_3093-640x480.jpg"},
{"code": "PGR", "name": "Peter Graef ", "function": "Managing Partner", "slogan": "We're in it together!", "picture": "https://ipt.ch/wp-content/uploads/2014/10/peter-graef-2-640x4801.jpg"},
{"code": "JPI", "name": "Jannick Piller ", "function": "Consultant", "slogan": "ipt \u2013 innovative professional teamwork", "picture": "https://ipt.ch/wp-content/uploads/2016/10/JannickPiller_ipt_7007.jpg"},
{"code": "XBU", "name": "Xavier Butty ", "function": "Consultant", "slogan": "Co-writers of your tomorrow's success story", "picture": "https://ipt.ch/wp-content/uploads/2016/03/XavierButty_IPT_210-640x480.jpg"},
{"code": "MVE", "name": "Marco Venzi ", "function": "IT-Architect", "slogan": "Gemeinsam innovativ und erfolgreich sein \u2013 so macht Arbeit Spass.", "picture": "https://ipt.ch/wp-content/uploads/2014/10/marco-venzi-2-640x480.jpg"},
{"code": "SBR", "name": "Sina Brun ", "function": "HR Specialist", "slogan": "People first - Das ist bei uns keine Floskel, sondern Tag f\u00fcr Tag sp\u00fcrbar.", "picture": "https://ipt.ch/wp-content/uploads/2014/10/SinaBrun_17188.jpg"},
{"code": "FHE", "name": "Dr. Fabio Hecht ", "function": "Senior Consultant", "slogan": "Be with the best.", "picture": "https://ipt.ch/wp-content/uploads/2014/10/fabio-hecht-2-640x480.jpg"},
{"code": "TIN", "name": "Dr. Thomas Ingold ", "function": "Partner, COO", "slogan": "Fliegen heisst landen \u2013 das gilt auch f\u00fcr IT-Projekte.", "picture": "https://ipt.ch/wp-content/uploads/2014/10/thomas-ingold-2-640x480.jpg"},
{"code": "YLI", "name": "Yu Li ", "function": "Senior Consultant", "slogan": "ipt-Mitarbeiter sind immer als tolles Team unterwegs, nicht nur bei Sitzungen im \u00abMobilb\u00fcro\u00bb im Zug, sondern auch in entscheidenden Momenten beim Kundeneinsatz.", "picture": "https://ipt.ch/wp-content/uploads/2014/10/yu-li-2-640x480.jpg"},
{"code": "RWA", "name": "Reto Waller ", "function": "Senior Consultant", "slogan": "IPT ist kein Zauberspruch, sondern das Schweizer IT-Unternehmen des Jahres!", "picture": "https://ipt.ch/wp-content/uploads/2014/10/RetoWaller_1370-640x480.jpg"},
{"code": "TSC", "name": "Dr. Thomas Schaller ", "function": "Partner, Head of Sales", "slogan": "Ich bin stolz bei der ipt zu arbeiten, weil ich jederzeit jedem Kunden in die Augen schauen kann und weiss, dass alle unsere Consultants hervorragende Arbeit zur vollsten Zufriedenheit des Kunden leisten.", "picture": "https://ipt.ch/wp-content/uploads/2014/10/thomas-schaller-2-640x480.jpg"},
{"code": "CSA", "name": "Christian Sanabria ", "function": "IT-Architect", "slogan": "Die einfachste Art die Zukunft vorherzusagen, ist sie zu implementieren.", "picture": "https://ipt.ch/wp-content/uploads/2014/10/christian-sanabria-2-640x480.jpg"},
{"code": "MKU", "name": "Michaela Kuhn ", "function": "HR Manager", "slogan": "Die Arbeit im HR ist ein nie endendes Abenteuer. Die Entdeckung neuer Talente innerhalb und ausserhalb ipt ist eine bereichernde Herausforderung.", "picture": "https://ipt.ch/wp-content/uploads/2014/10/michaela-kuhn-2-640x480.jpg"},
{"code": "SFL", "name": "Simon Fl\u00fchmann ", "function": "Consultant", "slogan": "Increasing business value through building innovative solutions is our mission - partner up!", "picture": "https://ipt.ch/wp-content/uploads/2016/06/SimonFluehmann_IPT_1974-640x480.jpg"},
{"code": "GRE", "name": "Dr. Gerald Reif ", "function": "Principal Architect", "slogan": "ipt \u2013 a great place to work.", "picture": "https://ipt.ch/wp-content/uploads/2014/10/GerhardReif_2478-640x480.jpg"},
{"code": "NWE", "name": "Nico Weinberg ", "function": "Senior Consultant", "slogan": "IPT bedeutet f\u00fcr mich: Integration, Pers\u00f6nlichkeit und Teamwork", "picture": "https://ipt.ch/wp-content/uploads/2016/06/NicoWeinberg_IPT_1934-640x480.jpg"},
{"code": "RKO", "name": "Dr. Reto Kohlas ", "function": "Partner", "slogan": "In ipt steckt Innovation, Professionalit\u00e4t und Teamarbeit.", "picture": "https://ipt.ch/wp-content/uploads/2014/10/RetoKohlas_3217-640x480.jpg"},
{"code": "MBI", "name": "Dr. Matthias Biehl ", "function": "Principal Architect", "slogan": "Spannende Aufgaben an denen man wachsen kann.", "picture": "https://ipt.ch/wp-content/uploads/2014/10/matthias-biehl-2-640x480.jpg"},
{"code": "PKN", "name": "Patrick Knab ", "function": "Principal Architect", "slogan": "Mit dem Kunden f\u00fcr den Kunden, partnerschaftlich, zuverl\u00e4ssig und kompetent.", "picture": "https://ipt.ch/wp-content/uploads/2014/10/patrick-knab-2-640x480.jpg"},
{"code": "MIN", "name": "Markus Ingold ", "function": "Senior Consultant, Fachexperte Versicherungen", "slogan": "Tagt\u00e4glich dem Kunden neue Wege aufzeigen und diese mit ihm zusammen beschreiten.", "picture": "https://ipt.ch/wp-content/uploads/2014/10/markus-ingold-2-640x480.jpg"},
{"code": "MKA", "name": "Martina K\u00e4ppeli ", "function": "Marketing Specialist", "slogan": "Innovativ, mutig und mit viel Drive - nicht nur im Consulting, sondern \u00fcber die ganze Firma hinweg", "picture": "https://ipt.ch/wp-content/uploads/2014/10/MartinaKa\u2560\u00eappeli_17238.jpg"},
{"code": "KGE", "name": "Konstantin Genov ", "function": "IT-Architect", "slogan": "The key to a successful innovative solution is the combination of a bold idea, a highly motivated team of professionals and the right flavour of technology.", "picture": "https://ipt.ch/wp-content/uploads/2014/10/KonstantinGenov_1391-640x480.jpg"},
{"code": "VHU", "name": "Vanessa Hunziker ", "function": "Consultant", "slogan": "Bei ipt findet Integration nicht nur auf der technischen, sondern auch auf der menschlichen Ebene statt.", "picture": "https://ipt.ch/wp-content/uploads/2014/10/VanessaHunziker_17075-e1486557601681.jpg"},
{"code": "MBU", "name": "Dr. Matthias Buchs ", "function": "Principal Architect", "slogan": "Spannende und anspruchsvolle Eins\u00e4tze f\u00fcr einen fairen Arbeitgeber.", "picture": "https://ipt.ch/wp-content/uploads/2014/10/matthias-buchs-2-640x480.jpg"},
{"code": "TZI", "name": "Thomas Zimmermann ", "function": "Senior Consultant", "slogan": "Wir suchen den Erfolg gemeinsam \u2013 und feiern ihn dann auch entsprechend zusammen.", "picture": "https://ipt.ch/wp-content/uploads/2014/10/thomas-zimmermann-2-640x480.jpg"},
{"code": "MBR", "name": "Matthias Breitschmid ", "function": "Partner Manager", "slogan": "it's all about partnership, it's all about trust", "picture": "https://ipt.ch/wp-content/uploads/2016/10/MatthiasBreitschmid_ipt_7091.jpg"},
{"code": "DPF", "name": "D\u00e9sir\u00e9e Pfister ", "function": "Marketing Specialist", "slogan": "ipt ist f\u00fcr mich Elan, Offentheit, Herzlichkeit & Transparenz. Deshalb liebe ich es hier zu arbeiten.", "picture": "https://ipt.ch/wp-content/uploads/2014/10/De\u2560\u00fcsire\u2560\u00fcePfister_16918.jpg"},
{"code": "MSI", "name": "Michael Sidler ", "function": "Senior Consultant", "slogan": "From day one \u2013 we are one.", "picture": "https://ipt.ch/wp-content/uploads/2014/10/michael-sidler-2-640x480.jpg"},
{"code": "SAR", "name": "Silvia Arnold ", "function": "Backoffice Manager", "slogan": "Die ipt erm\u00f6glicht mir flexibel, selbst\u00e4ndig und in einem engagierten Team zu arbeiten", "picture": "https://ipt.ch/wp-content/uploads/2014/10/SilviaArnold_2285-640x480.jpg"},
{"code": "OFR", "name": "Oliver Fr\u00f6hli ", "function": "Consultant", "slogan": "L\u00f6sungsorientierte Teamarbeit \u2013 Mit dem Kunden, f\u00fcr den Kunden!", "picture": "https://ipt.ch/wp-content/uploads/2016/03/OliverFroehli_IPT_149-640x480.jpg"},
{"code": "PPL", "name": "Patrick Plattner ", "function": "Senior Consultant", "slogan": "Die Mitarbeiter sind die\u00a0wichtigsten Assets von\u00a0ipt.", "picture": "https://ipt.ch/wp-content/uploads/2014/10/patrick-plattner-2-640x480.jpg"},
{"code": "CFA", "name": "C\u00e9dric Favre ", "function": "Senior Consultant", "slogan": "ipt, the swiss german part of my family.", "picture": "https://ipt.ch/wp-content/uploads/2014/10/cedric-favre-2-640x480.jpg"},
{"code": "GWA", "name": "Dr. Gerald Wagenknecht ", "function": "Senior Consultant", "slogan": "Innovation: Schl\u00fcssel f\u00fcr den Erfolg unserer Kunden.", "picture": "https://ipt.ch/wp-content/uploads/2014/10/gerald-wagenknecht-2-640x480.jpg"},
{"code": "KGR", "name": "Dr. Kerstin Grummt ", "function": "Senior Consultant", "slogan": "Die offenen und kompetenten Mitarbeitenden, die sich gemeinsam in unsere spannenden Projekten einbringen, machen f\u00fcr mich den speziellen Spirit von ipt aus.", "picture": "https://ipt.ch/wp-content/uploads/2014/10/kerstin-grummt-1-640x480.jpg"},
{"code": "DAL", "name": "Daniel Albisser ", "function": "Partner, CTO", "slogan": "Innovative Projekte, leading-edge Technologien und ein tolles Team \u2013 das macht die ipt einzigartig.", "picture": "https://ipt.ch/wp-content/uploads/2014/10/daniel-albisser-2-640x480.jpg"},
{"code": "SHU", "name": "Dr. Stefan H\u00fcsemann ", "function": "Partner", "slogan": "\u00abPlans are worthless but planning is everything.\u00bb Dwight D. Eisenhower", "picture": "https://ipt.ch/wp-content/uploads/2014/10/stefan-huesemann-2-640x480.jpg"},
{"code": "BSC", "name": "Barbara Schaller-Piller ", "function": "Backoffice Manager", "slogan": "Working together to win.", "picture": "https://ipt.ch/wp-content/uploads/2014/10/barbara-schaller.1-640x480.jpg"},
{"code": "ABO", "name": "Dr. Amancio Bouza ", "function": "Lead Consultant", "slogan": "Intrapreneurial innovators with a sense for customer's needs getting things done.", "picture": "https://ipt.ch/wp-content/uploads/2014/10/amancio-bouza-2-640x480.jpg"},
{"code": "PAN", "name": "Philemon Antony ", "function": "Consultant", "slogan": "Together we innovate, together we integrate.", "picture": "https://ipt.ch/wp-content/uploads/2014/10/PhilemonAntony_1262-640x480.jpg"},
{"code": "RSC", "name": "Ren\u00e9 Schwarb ", "function": "Verwaltungsrat", "slogan": "Wir legen die Karten auf den Tisch.", "picture": "https://ipt.ch/wp-content/uploads/2014/10/ReneSchwarb_1432-640x480.jpg"},
{"code": "MGE", "name": "Matthias Geel ", "function": "Senior Consultant", "slogan": "Innovation wird nicht erzwungen, sie wird gelebt.", "picture": "https://ipt.ch/wp-content/uploads/2015/11/MatthiasGeel_2376-640x480.jpg"},
{"code": "MWA", "name": "Dr. Michael Wachter ", "function": "Lead Consultant", "slogan": "Innovative Integration Partner \u2013 Offline und Online.", "picture": "https://ipt.ch/wp-content/uploads/2014/10/michael-wachter-2-640x480.jpg"},
{"code": "SFA", "name": "Stephan Fasciati ", "function": "Senior Consultant", "slogan": "ipt - weil das Zusammenspiel zum Erfolg f\u00fchrt!", "picture": "https://ipt.ch/wp-content/uploads/2014/10/StephanFasciati_1130-640x480.jpg"},
{"code": "BSC", "name": "Bruno Schwyter ", "function": "IT-Architect", "slogan": "Wir sind zuverl\u00e4ssig, weil wir uns mit den Kundenprojekten identifizieren und schwierige Situation adressieren statt ignorieren. Zudem liefern wir hohe Qualit\u00e4t und orientieren uns am Business-Nutzen unserer Kunden.", "picture": "https://ipt.ch/wp-content/uploads/2014/10/bruno-schwyter-2-640x480.jpg"},
{"code": "CZE", "name": "Christian Zeiler ", "function": "IT-Architect", "slogan": "Solving tasks that bring customer benefits, motivates me.", "picture": "https://ipt.ch/wp-content/uploads/2014/10/christian-zeiler-2-640x480.jpg"},
{"code": "PFI", "name": "Peter Fischer ", "function": "Senior Consultant", "slogan": "Durch reibungslose Integration zu erfolgreicher Kommunikation \u2013 und umgekehrt.", "picture": "https://ipt.ch/wp-content/uploads/2014/10/peter-fischer-2-640x480.jpg"},
{"code": "APF", "name": "Andreas Pfenninger ", "function": "IT-Architect", "slogan": "Bei ipt sp\u00fcrt man die Wertsch\u00e4tzung jedes einzelnen Mitarbeiters, zusammen liefern wir unseren Kunden auf Basis von bew\u00e4hrten und neuen Technologien L\u00f6sungen, die einen wirklichen Nutzen f\u00fcr das Business bringen.", "picture": "https://ipt.ch/wp-content/uploads/2014/10/andreas-pfenninger-2-640x480.jpg"},
{"code": "KAL", "name": "Karin Altorfer ", "function": "Principal Consultant", "slogan": "Highly committed people with a very good sense of humor!", "picture": "https://ipt.ch/wp-content/uploads/2014/10/KarinAltdorf_3023-640x480.jpg"},
{"code": "SKH", "name": "Sara Khalatbari ", "function": "Senior Consultant", "slogan": "M\u00f6chtest du den Weg vom Problem zur L\u00f6sung gehen? Dann komm mit uns.\u00a0", "picture": "https://ipt.ch/wp-content/uploads/2014/10/sara-khalatbari-2-640x480.jpg"},
{"code": "ACO", "name": "Angelo Compagnoni ", "function": "Senior Consultant", "slogan": "Hand in Hand, als Seilschaft auf den Gipfel.", "picture": "https://ipt.ch/wp-content/uploads/2014/10/angelo-compagnoni-2-640x480.jpg"},
{"code": "FLO", "name": "Filip Loncar ", "function": "Consultant", "slogan": "IPT - Zusammen an einer gemeinsamen Vision arbeiten", "picture": "https://ipt.ch/wp-content/uploads/2016/06/FilipLoncar_IPT_2081-640x480.jpg"},
{"code": "PST", "name": "Peter Stadler ", "function": "Senior Consultant", "slogan": "Gegenseitiger respektvoller und freundlicher Umgang ist die Basis f\u00fcr eine erfolgreiche Partnerschaft.", "picture": "https://ipt.ch/wp-content/uploads/2014/10/peter-stadler-2-640x480.jpg"},
{"code": "TST", "name": "Thomas Stuber ", "function": "Senior Consultant", "slogan": "We build and deliver solutions with pleasure.", "picture": "https://ipt.ch/wp-content/uploads/2014/10/thomas-stuber-2-640x480.jpg"},
{"code": "MWU", "name": "Dr. Michael W\u00fcrsch ", "function": "IT-Architect", "slogan": "We are passionate about integration and together, we strive for excellence.", "picture": "https://ipt.ch/wp-content/uploads/2014/10/michael-wuersch-2-640x480.jpg"},
{"code": "AKE", "name": "Alexander Kern ", "function": "Principal Architect", "slogan": "Talent wins games, but teams win championships.", "picture": "https://ipt.ch/wp-content/uploads/2014/10/alexander-kern-2-640x480.jpg"},
{"code": "RME", "name": "Remo Meng ", "function": "IT-Architect", "slogan": "ipt\u00a0\u2013\u00a0innovativ,\u00a0partnerschaftlich,\u00a0toll.", "picture": "https://ipt.ch/wp-content/uploads/2014/10/remo-meng-2-640x480.jpg"},
{"code": "JHA", "name": "Jaro Habr ", "function": "Senior Consultant", "slogan": "Gemeinsam Grosses schaffen.", "picture": "https://ipt.ch/wp-content/uploads/2014/10/jaroslav-habr-2-640x480.jpg"},
{"code": "DKO", "name": "David Konatschnig ", "function": "Consultant", "slogan": "Together we can face any challenges as deep as the ocean and as high as the sky.", "picture": "https://ipt.ch/wp-content/uploads/2015/11/DavidKonatschnig_3174-640x480.jpg"},
{"code": "RSC", "name": "Richard Schaller ", "function": "Principal Architect", "slogan": "Gestalte selbst aktiv deine Zukunft und die der Firma.", "picture": "https://ipt.ch/wp-content/uploads/2014/10/richard-schaller-2-640x480.jpg"},
{"code": "YBR", "name": "Dr. Yves Brise ", "function": "IT-Architect", "slogan": "Damit IT allen Spass macht.", "picture": "https://ipt.ch/wp-content/uploads/2014/10/YvesBrise_2719-640x480.jpg"},
{"code": "MTR", "name": "Micha Trautweiler ", "function": "IT-Architect", "slogan": "\u00abTrust is a must\u00bb: Vertrauen ist die Basis jeder erfolgreichen Zusammenarbeit.", "picture": "https://ipt.ch/wp-content/uploads/2014/10/micha-trautweiler-1-640x480.jpg"},
{"code": "PBI", "name": "Dr. Patrik Bichsel ", "function": "Senior Consultant", "slogan": "The power of technology lies in knowing how to use it.", "picture": "https://ipt.ch/wp-content/uploads/2014/10/patrik-bichsel-1-640x480.jpg"},
{"code": "BKU", "name": "Beat Kuster ", "function": "Senior Consultant", "slogan": "Gute IT-Projekte erinnern mich an meine Lieblingsbands: Teamplay vor Sologesang.", "picture": "https://ipt.ch/wp-content/uploads/2014/10/beat-kuster-2-640x480.jpg"},
{"code": "TBL", "name": "Tobias Blum ", "function": "Consultant", "slogan": "Empathy with our customers and with each other makes us successful", "picture": "https://ipt.ch/wp-content/uploads/2016/03/TobiasBlum_IPT_030-640x480.jpg"},
{"code": "FWU", "name": "Fabio Wullschleger ", "function": "Consultant", "slogan": "Mit Leidenschaft gemeinsam zum Erfolg", "picture": "https://ipt.ch/wp-content/uploads/2016/10/FabioWullschleger_ipt_6897.jpg"},
{"code": "EGR", "name": "Dr. Eberhard Grummt ", "function": "IT-Architect", "slogan": "Value speaks louder than code.", "picture": "https://ipt.ch/wp-content/uploads/2014/10/eberhard-grummt-2-640x480.jpg"},
{"code": "DDE", "name": "David De Prado ", "function": "Senior Consultant", "slogan": "ipt - weil Mitarbeiterzufriedenheit der Schl\u00fcssel zum Erfolg ist.", "picture": "https://ipt.ch/wp-content/uploads/2014/10/DavidDePrado_16831.jpg"},
{"code": "LPA", "name": "Leonhard Pang ", "function": "Senior Consultant", "slogan": "Auf zu neuen Horizonten, das ist ipt.", "picture": "https://ipt.ch/wp-content/uploads/2017/05/LeonardPang_23592.jpg"},
{"code": "BMA", "name": "Britta Maier-Peveling ", "function": "Telemarketing", "slogan": "Was differenziert ipt von anderen Mitbewerbern? Menschlichkeit und Qualit\u00e4t.", "picture": "https://ipt.ch/wp-content/uploads/2014/10/britta-maier-peveling.2-640x480.jpg"},
{"code": "RBE", "name": "Roman Benz ", "function": "Lead Consultant", "slogan": "ipt \u2013 mit uns immer nahe am Zeitgeist!", "picture": "https://ipt.ch/wp-content/uploads/2014/10/roman-benz-2-640x4801.jpg"},
{"code": "TUL", "name": "Dr. Tamara Ulrich ", "function": "IT-Architect", "slogan": "Mein Ziel: Zufriedene Kunden.", "picture": "https://ipt.ch/wp-content/uploads/2014/10/TamaraUlrich_1300-640x480.jpg"},
{"code": "MFA", "name": "Markus F\u00e4rber ", "function": "IT-Architect", "slogan": "ipt bietet mir jeden Tag die M\u00f6glichkeit mit einem super Team an herausfordernden Projekten zu arbeiten.", "picture": "https://ipt.ch/wp-content/uploads/2014/10/markus-faerber-2-640x480.jpg"},
{"code": "LKE", "name": "Lukas Kern ", "function": "Partner", "slogan": "I love assets!", "picture": "https://ipt.ch/wp-content/uploads/2014/10/LukasKern_1638-640x480.jpg"},
{"code": "JJA", "name": "Jordan Janeiro ", "function": "Senior Consultant", "slogan": "Integration in all aspects involving people and technology", "picture": "https://ipt.ch/wp-content/uploads/2014/10/JordanJaneiro_1083-640x480.jpg"},
{"code": "MEU", "name": "Max Eugster ", "function": "Senior Consultant", "slogan": "Wir leben unsere Werte!", "picture": "https://ipt.ch/wp-content/uploads/2014/10/max-eugster-2-640x480.jpg"},
{"code": "SHO", "name": "Steffen Hohn ", "function": "IT-Architect", "slogan": "Menschen zusammenbringen \u2013 Integration pur!", "picture": "https://ipt.ch/wp-content/uploads/2014/10/SteffenHohn_2561-640x480.jpg"},
{"code": "JST", "name": "Jennifer Studer ", "function": "Consultant", "slogan": "Mit Leidenschaft und Teamwork zum Erfolg!", "picture": "https://ipt.ch/wp-content/uploads/2017/05/JenniferStuder_23703.jpg"},
{"code": "CPO", "name": "Carine Poffet ", "function": "Senior Consultant", "slogan": "Curious, communicative\u00a0& radically collaborative people!", "picture": "https://ipt.ch/wp-content/uploads/2014/10/carine-poffet-2-640x480.jpg"},
{"code": "HHE", "name": "Holger Hellwig ", "function": "Lead Consultant", "slogan": "ipt ruht sich nicht auf dem Erfolg aus, sondern sucht immer weitere Innovationen, die dem Kunden zugute kommen.", "picture": "https://ipt.ch/wp-content/uploads/2014/10/holger-hellwig-2-640x480-Kopie.jpg"},
{"code": "JJO", "name": "Dr. Jacek Jonczy ", "function": "Principal Consultant", "slogan": "Erfolgreiches Business erfordert innovative IT-L\u00f6sungen. ipt macht's m\u00f6glich.", "picture": "https://ipt.ch/wp-content/uploads/2014/10/jacek-jonczy-2-640x480.jpg"},
{"code": "PAL", "name": "Pascal Alge ", "function": "Consultant", "slogan": "Gather together,  up!  up! to the TOP!", "picture": "https://ipt.ch/wp-content/uploads/2014/10/PascalAlge_1097-640x480.jpg"},
{"code": "MPO", "name": "Mathias Poths ", "function": "Senior Consultant", "slogan": "Mit Leidenschaft gemeinsam spannende Herausforderungen l\u00f6sen, um ein St\u00fcck Zukunft zu gestalten.", "picture": "https://ipt.ch/wp-content/uploads/2014/10/MathiasPoths_1166-640x480.jpg"},
{"code": "CRU", "name": "Cyrill R\u00fcttimann ", "function": "Principal Architect", "slogan": "Jeder Tag bei ipt bietet mir neue Herausforderungen. Da macht das Arbeiten noch Spass!", "picture": "https://ipt.ch/wp-content/uploads/2014/10/cyrill-ruettimann-2-640x480.jpg"},
{"code": "LKE", "name": "Lukas Keller ", "function": "Consultant", "slogan": "Technik und Mensch - Gemeinsam zum Erfolg!", "picture": "https://ipt.ch/wp-content/uploads/2015/11/LukasKeller_2335-640x480.jpg"},
{"code": "DLI", "name": "Dominik Liebmann ", "function": "Principal Consultant", "slogan": "Fokus auf das Ganze und Spass am Detail.", "picture": "https://ipt.ch/wp-content/uploads/2014/10/dominik-liebmann-2-640x480.jpg"}
]